,title,pub_time,src
0,不到4亿拿下超四成股权！南京银行离新牌照又近一步,2022-03-07 23:42:36,新浪财经
1,瑞银中国：GDP增长目标5.5% 或意味着政策进一步宽松,2022-03-07 23:42:26,同花顺
2,多家重点企业被约谈，稀土板块要走弱？,2022-03-07 23:42:11,新浪财经
3,数据交易中心建设按下“快进键”也要避免“一窝蜂”——政协分组会议上委员们的“数字观”,2022-03-07 23:37:04,同花顺
4,全国政协委员巩汉林：完善进口罕见病类药品审批机制,2022-03-07 23:31:21,同花顺
5,全国人大代表钮新强：“引江补汉”工程已具备尽快开工条件,2022-03-07 23:28:42,同花顺
6,全国人大代表、天能控股集团董事长张天任：绿色经济需要企业理念先行,2022-03-07 23:24:31,同花顺
7,全国政协委员涂建华：实现“双碳”目标，要做好这几件事情,2022-03-07 23:24:01,同花顺
8,全国政协委员建议“取消公摊面积”，商品房公摊痛点何在,2022-03-07 23:22:29,同花顺
9,（两会受权发布）王红委员代表民革中央发言：壮大乡村产业 实现稳定脱贫与乡村振兴有机衔接,2022-03-07 23:22:18,同花顺
10,汝州市委常委、常务副市长刘国朝一行到天瑞集团调研,2022-03-07 23:20:51,同花顺
11,全国政协委员、上海市针灸经络研究所所长吴焕淦：建议打击中药材领域炒作行为,2022-03-07 23:20:05,同花顺
12,互联网大厂人下农村：单笔黄桃订单卖出30万斤，板栗1分钟卖出1万单,2022-03-07 23:14:38,同花顺
13,广东建科院召开2022年安全质量管理工作会议暨第一季度安全生产委员会会议,2022-03-07 23:13:47,同花顺
14,2021年江苏常住人口自然增长率首次转负,2022-03-07 23:12:51,同花顺
15,上海医药回复证监会反馈意见：商誉不存在大幅减值风险,2022-03-07 23:12:18,新浪财经
16,（两会受权发布）陈萌山委员：加快建设高水平国家粮食安全产业带,2022-03-07 23:10:34,同花顺
17,伦镍单日涨60%，钯金一度创历史新高，国际油价冲击14年新高,2022-03-07 22:59:44,凤凰财经
18,历史首次！贵州茅台披露1~2月经营数据 分析认为旨在“稳定军心”,2022-03-07 22:57:51,新浪财经
19,美股三大指数集体下跌：银行股跌幅居前 热门中概股涨跌不一,2022-03-07 22:57:23,凤凰财经
20,富氢碳循环高炉三期建设第一块炉壳完成吊装,2022-03-07 22:54:41,同花顺
21,郑州市昨日新增1例境外输入关联确诊病例后续情况的通报,2022-03-07 22:53:37,同花顺
22,陈泰锋赴交控石化开展经营管理情况调研,2022-03-07 22:49:51,同花顺
23,“要先立后破，而不能够未立先破”――从全国两会看正确认识和把握“双碳”目标,2022-03-07 22:48:34,同花顺
24,全国人大代表、晶科能源CEO陈康平建议：优化可再生能源发展环境 加速我国能源绿色低碳转型,2022-03-07 22:46:54,同花顺
25,英国金融业高层的性别薪酬差距多久才能弥合？大约30年,2022-03-07 22:45:14,同花顺
26,抚州市副市长薛强一行莅临江西绿建城投杭萧考察调研,2022-03-07 22:44:14,同花顺
27,全国政协委员乔晓玲：加强病死畜禽无害化处理，完善补贴政策,2022-03-07 22:43:11,同花顺
28,全国政协委员孙宝国：完善食品金属包装固废回收再利用相关法规,2022-03-07 22:42:51,同花顺
29,俄乌两国代表团7日在白俄罗斯境内的别洛韦日森林开始第三轮谈判,2022-03-07 22:42:41,同花顺
30,张伯礼谈香港应对疫情重点：隔离管控、重症救治、大胆使用中医药,2022-03-07 22:42:35,同花顺
31,全国人大代表耿福能：借助互联网工具赋能乡村诊疗,2022-03-07 22:39:44,同花顺
32,政协委员：高铁退票费收20%是否合理，延迟、取消发车为何没赔偿,2022-03-07 22:39:27,同花顺
33,磷化工赚翻了！云天化去年净利暴增12倍 这家公司业绩同样“炸裂”,2022-03-07 22:39:19,新浪财经
34,销量“掉队”、对赌压身，蔚来迎来新危机？,2022-03-07 22:39:17,新浪财经
35,富滇银行营收增幅12.19% 七年来首次实现两位数增长,2022-03-07 22:38:21,同花顺
36,全国人大代表、荣昌生物董事长王威东：研发创新药，我们充满信心,2022-03-07 22:37:59,同花顺
37,政府工作报告中提出加强粮食稳产保供，如何把饭碗端在自己手中,2022-03-07 22:35:50,同花顺
38,全国人大代表、牧原股份董事长秦英林：建议加快生猪产业智能化转型升级 助推农业现代化,2022-03-07 22:34:41,同花顺
39,钟章队委员：尽快颁布轨道交通5G专用频率,2022-03-07 22:33:31,同花顺
40,赵平会见安徽省委常委、合肥市委书记虞爱华,2022-03-07 22:33:24,同花顺
41,美股开盘涨跌不一：道指跌0.31% 黄金股、原油股走高,2022-03-07 22:31:49,凤凰财经
42,【聚焦两会】流动人口权益保障、商业不动产调控政策、分布式光伏改造......上市公司代表委员关注这些议题,2022-03-07 22:31:14,同花顺
43,【价格前线】3月7日锂盐价格异动提示,2022-03-07 22:31:06,同花顺
44,【价格前线】3月7日造纸价格异动提示,2022-03-07 22:31:05,同花顺
45,【价格前线】3月7日煤炭价格异动提示,2022-03-07 22:31:04,同花顺
46,【价格前线】3月7日燃气价格异动提示,2022-03-07 22:31:03,同花顺
47,【价格前线】3月7日正极材料价格异动提示,2022-03-07 22:31:02,同花顺
48,【价格前线】3月7日氟化工价格异动提示,2022-03-07 22:31:02,同花顺
49,营收净利双双翻倍！爱美客2021年延续高增长，千亿市值能否企稳？,2022-03-07 22:30:53,新浪财经
50,破局人口难题 政策该向“一老一小”发力,2022-03-07 22:30:37,同花顺
51,俄乌第三轮谈判开始,2022-03-07 22:29:50,同花顺
52,中国社科院公共政策研究中心贺滨：药企要抛弃销售主导的路径依赖,2022-03-07 22:29:34,同花顺
53,香港连降4天！内地214+312！刚刚，张文宏发声：守住底线，平常心抗疫，曙光在前,2022-03-07 22:29:09,同花顺
54,北大医药管理国际研究中心史录文：加强医疗新技术向基层下沉,2022-03-07 22:29:06,同花顺
55,前2月进出口6.2万亿 同比增13.3%,2022-03-07 22:28:37,同花顺
56,宜家国内首次关店 家居企业面临多重挑战,2022-03-07 22:27:48,同花顺
57,全国人大代表张雷建议：让零碳产业园成为双碳转型的重要载体,2022-03-07 22:27:10,同花顺
58,全国人大代表刘锦秀：扩大农村电商应用，用数字经济连通绿水青山,2022-03-07 22:26:52,同花顺
59,香港成立“全港抗疫义工同盟”助力社区战“疫”,2022-03-07 22:25:34,同花顺
